country,name,pot
France,Paris Saint-Germain,1
Germany,Bayern Munich,1
Spain,Real Madrid,1
England,Liverpool,1
Italy,Inter Milan,1
England,Manchester City,1
England,Arsenal,1
Spain,Barcelona,1
Spain,Atletico Madrid,1
Germany,Borussia Dortmund,2
Italy,Roma,2
Portugal,Sporting CP,2
England,Aston Villa,2
Portugal,Porto,2
England,Manchester United,2
Belgium,Club Brugge,2
Spain,Real Betis,2
Netherlands,PSV Eindhoven,2
Netherlands,Feyenoord,3
France,Lille,3
Norway,Bodo/Glimt,3
Italy,Napoli,3
Germany,RB Leipzig,3
Spain,Villarreal,3
Türkiye,Fenerbahce,3
Ukraine,Shakhtar Donetsk,3
Türkiye,Galatasaray,3
Czechia,Slavia Prague,4
Slovakia,Slovan Bratislava,4
Germany,Stuttgart,4
Greece,AEK Athens,4
Austria,LASK,4
Italy,Como,4
France,Lens,4
Norway,Viking,4
Azerbaijan,Sabah,4